<?xml version="1.0" encoding="UTF-8"?>
<project-private xmlns="http://www.netbeans.org/ns/project-private/1">
    <editor-bookmarks xmlns="http://www.netbeans.org/ns/editor-bookmarks/2" lastBookmarkId="0"/>
    <open-files xmlns="http://www.netbeans.org/ns/projectui-open-files/2">
        <group>
            <file>file:/C:/Users/user/OneDrive/Escritorio/Colegio/Programación%20sobre%20REDES/zekrom_creartabla_appv3/procesador%20de%20consultas%20i3/src/ProcesadorConsultas.java</file>
            <file>file:/C:/Users/user/OneDrive/Escritorio/Colegio/Programación%20sobre%20REDES/zekrom_creartabla_appv3/procesador%20de%20consultas%20i3/src/Main.java</file>
        </group>
    </open-files>
</project-private>
